userid;email;nome;idade
140276999695368;wsnbrukpfgloqitemca@yopmail.com;elfcxjqmasruynktdwi;58
140276999695496;hpynqwcitkmxseofa@yopmail.com;pvcurxtoqfhymzinglsbw;49
140276999695624;uaipzwnbscqevdhk@yopmail.com;paykznmjhtuwbdvfeixcr;63
140276999695752;jshmdulykrinvt@yopmail.com;holzxgapsirmfnkbyjq;30
140276999695880;qesolvhrcngu@yopmail.com;vlmsdqzjau;47
140276999696072;hdbpuyasgotkmcwnjrlq@yopmail.com;slpdkoaymjnzuc;54
140276999696264;lbmqiopukjtyc@yopmail.com;nakihzupjf;46
140276999708808;urogjebspqxdtnzhyiwa@yopmail.com;vwbadqfkjhcprs;49
140276999709000;yuktacepolzfsvxd@yopmail.com;uwbnegkdis;24
140276999709192;dljkfmbqvowir@yopmail.com;lcmtinshxqod;19
140276999709384;njrmtpoeduzfikqwshyc@yopmail.com;peyzvjucqalwdgno;36
140276999709512;ntkvbidwqhpealog@yopmail.com;tefnowrilpzvxsgmhy;35
140276999709640;sehkcguotlpzdyqbm@yopmail.com;qufinowhyabkcrsjzvglm;46
140276999709768;gulrpmhojdsb@yopmail.com;yfvauicxrbgd;20
140276999709960;ehbcswandzqgytp@yopmail.com;qfpbkynxreuoacdmjts;75
140276999710088;novbrwzmlpgaych@yopmail.com;mxheszyuwobipjntcladg;55
140276999710216;frpjbyqolu@yopmail.com;vhgdkolpxeay;63
140276999710408;rdweuylpfzjivbckmagqn@yopmail.com;fvbrjnzmolqaxhdp;62
140276999710536;vkdqpzixbywhmcrefoalt@yopmail.com;bvtfuajikw;23
140276999710728;kwbnscrtolx@yopmail.com;iqnmlevcroky;42
140276999710920;ioygrzceutdbfsnw@yopmail.com;fmighakctjsw;27
140276999711112;leviymtcbau@yopmail.com;npxujgwtsamdircvekh;56
140276999711240;ytxzgoivfpjd@yopmail.com;xzvqefkwyht;20
140276999711432;xhlzfmweytagcsqpji@yopmail.com;kztsaperohnqxcvd;39
140276999711560;cavnefhtyb@yopmail.com;bkjgrmfydlhqopn;64
140276999711752;qvsucilgtjbrafeozmdkw@yopmail.com;jauhxseprnzliwfmo;75
140276999711880;ftobkjaizd@yopmail.com;rhnmwvtflcdikboxzg;59
140276999712008;dcehvzfabstgryxlujwom@yopmail.com;jcqtinwsdreza;68
140276999712200;tjwxnqrkab@yopmail.com;dxqevwuoahrmpiz;63
140276999712392;xnysqovgbzj@yopmail.com;emqybncosfj;50
140276999712584;qutcmolgdsaxjkzyhnv@yopmail.com;hougbxaecjlyp;23
140276999716936;rjflpqkeynamdsbzwt@yopmail.com;nswkbfmadetrhx;69
140276999717128;ctgaemxrhykisblp@yopmail.com;nhvxolsbgefkup;20
140276999717320;uodwvgzpyrsi@yopmail.com;wsydmgvkne;44
140276999717512;nbjactoyzrxkldgqehpsw@yopmail.com;fhesjryobgwzpvd;72
140276999717704;sbuxnqzcjihyfa@yopmail.com;majixcryknltbuph;49
140276999717832;xmjbcfvagnwoyerkdut@yopmail.com;qdnulrcmgaboxywv;36
140276999717960;fkmvzbexnwohgutjs@yopmail.com;cebfhmtywrkqugzsavp;61
140276999718088;xgwlebpyndoqszjtirkah@yopmail.com;tfoneqwgvjhsmldi;56
140276999718216;cnthwuzyijagl@yopmail.com;ymitwesfoxgpkjv;50
140276999718408;gichqvjrdnzmtlb@yopmail.com;zmbpvcxnwforuik;32
140276999718600;hsgxeacykp@yopmail.com;lwjitdvqceaghmopu;61
140276999718728;mlfqbtpnxzjrdhysevo@yopmail.com;fdwlscegzoupnqybvit;45
140276999718856;bloukdwcvtxy@yopmail.com;ypenjowftd;43
140276999719048;lrifuxqjzhwdgmcnpav@yopmail.com;rgodckhixm;38
140276999719240;ixafnemrzpwlus@yopmail.com;czpmlknxhwuebv;44
140276999719432;gvtyemlbrhickpw@yopmail.com;uczshtranixgpqofwy;25
140276999719560;qwvopgfdthmayren@yopmail.com;xkovsjnqghetz;53
140276999719752;jewmvxzytbcgndfaohru@yopmail.com;jrfswnbpmoevuqt;48
140276999719944;akljmwbgsvrnyoxdc@yopmail.com;fnrewtuvdab;31
140276999720136;kinledshpuzmxy@yopmail.com;dpgtouylwmsje;33
140276999720328;znmfgpchaqjrxbysi@yopmail.com;uirvycndzajpeso;64
140276999720520;julyodspreiznbvmaxkg@yopmail.com;bruncvimtkphgzdjo;64
140276999720648;cdmanyilesvfwzpubr@yopmail.com;rsmcqhfnvakdjubg;55
140276999720776;uvjzkagshqwryebplntc@yopmail.com;fxqrbwzcgot;72
140276999721032;dgzwxaujynrfie@yopmail.com;ewyhxisrqv;36
140276999721288;jmfwulgbncsvta@yopmail.com;corpvelmahjbtxguzn;44
140276999721352;yegfhudwxpbcazj@yopmail.com;qxefgdnbhkroljcwy;62
140276999721416;xwcezufbtsimhyaon@yopmail.com;ezlwvrnbjocpqka;23
140276999721544;kodhpclyntvxbzw@yopmail.com;ztqjnruxsbiovckam;49
140276999721608;dixybvtoqsmczhwrlf@yopmail.com;prdfsivxhauwoytm;74
140276999721672;cmjruegkpdthblxvo@yopmail.com;jgurwqlpnxbtfvmsey;27
140276999721736;vxwaklgpsizorybechm@yopmail.com;jbuhqifpetwcxlgadk;33
140276999721800;xqotvmdlngwyzuibep@yopmail.com;qvfludnarcez;48
140276999721928;sztymblhfcgrvpk@yopmail.com;bcytkpaqnseifmuhvlox;58
140276999721992;khiatspcjezymoxfgqu@yopmail.com;afecxrtukomws;28
140276999722120;qvpmflshidzw@yopmail.com;opmtivbqcdnxuh;41
140276999722248;wmpezsruagbvkqyltf@yopmail.com;nqahsbwyric;72
140276999722376;vnbxmopgsfytchkjrqluw@yopmail.com;stjgfnierhq;23
140276999722504;kcexawuyptigd@yopmail.com;ibkodxwyqluafvt;19
140276999722632;volmtgeuicq@yopmail.com;mpcqulafnksjbhztov;26
140276999722696;zvhgxapdno@yopmail.com;narbskfumyhpj;33
140276999722824;zdiyruvpol@yopmail.com;rsxftzlphaiou;52
140276999722952;olunizpferhc@yopmail.com;kzlbonimvgwp;48
140276999723080;biskxhaeldm@yopmail.com;ojvawhlkduiycfnrbe;35
140276999723144;wpnzcmltuvsq@yopmail.com;bgfkupwvcdt;18
140276999723272;fholpnxeziw@yopmail.com;omzaesuybntcrpfkxwjd;21
140276999723336;fmyrlucxvospghta@yopmail.com;ctdpjsmraqifvhuog;39
140276999723400;divefcprlngywtbza@yopmail.com;cndperqkfahzvbglxtjsi;50
140276999723464;ftuvzbgnywdoq@yopmail.com;zofpbuvwxqde;23
140276999723592;vofmuqixkaetbrjygwpl@yopmail.com;jyiuotgzslwbx;75
140276999723720;jytazlfinbgepcqdrvu@yopmail.com;xnhtszojwdlf;21
140276999723848;pnbiyrodskwx@yopmail.com;umqbrsthigfojvxeckyp;48
140276999723912;ltrqwhpnfove@yopmail.com;ldtspnfqvuy;36
140276999724040;kxqgeaswjnhuyp@yopmail.com;jezvwgqdufx;40
140276999724168;ewhmnotlpzcyijsdqvk@yopmail.com;okzigrsdxbunmlyctv;28
140276999724232;padinuqvyrchxmzkw@yopmail.com;jnvkpxylciowfuzhr;29
140276999724296;hxorqpbjgvei@yopmail.com;bmosfazkgxvcrwnilpedh;61
140276999724360;kxmsfwbagtqzvupihrcld@yopmail.com;ghjvrknyfxs;58
140276999724488;vtjbnuageryklsxdif@yopmail.com;nuhpwxgvsrq;47
140276999724616;pgqfhcyxvtnzibmdurso@yopmail.com;cdhsvopulwmbtaegy;21
140276999724680;wxkpouhzcgvfrsb@yopmail.com;joeitbksqyh;46
140276999724808;xymesbjzqrnklaoh@yopmail.com;cbynwfhgletzqi;28
140276999724936;wrazxevsbgmpotjulcq@yopmail.com;rcmpinuvbalyehowxts;35
140276999725000;lhxnjsbcodyirtpqzkgum@yopmail.com;ryvltoexdnbwjgzu;62
140276999737416;spqfklwjbcmhuydaorneg@yopmail.com;xroypdwtbvlsck;62
140276999737544;faexhrokgbc@yopmail.com;epibzlyjmfoauctdrhgx;35
140276999737608;zbjpkxlidtcgwhs@yopmail.com;khirzfabuegcjwxqyndst;29
140276999737672;rzivwejpandkqxto@yopmail.com;faebnzixdgtpyklujo;43
140276999737736;uxoeafjnstqhwkpdbcm@yopmail.com;vrmzqdystihflcwjpnxb;57
140276999737800;bvpwyfclsomgktrhq@yopmail.com;vxozbjgmpkucl;62
140276999737928;xiqaonwlhuspf@yopmail.com;tprqsonzkfwiybmlchuae;57
140276999737992;fgjvhtwxke@yopmail.com;yunbahcrwlxmdeqzs;63
140276999738056;niszcybfveox@yopmail.com;mqkxridljptueobfy;43
140276999738120;nauqsifhlj@yopmail.com;blisnpfkqxhyraoj;56
140276999738184;xszhojugtkwrendfabq@yopmail.com;xvpyuntmje;30
140276999738312;fnivocgmbhuraj@yopmail.com;mnshbyicrwt;21
140276999738440;vouekiwpaxbfm@yopmail.com;tupxbvkslihjedfzcyra;21
140276999738504;qtvxgfbdnoskmjac@yopmail.com;emsaylvncthbjko;48
140276999738632;fjsgotzxmunvw@yopmail.com;pduhelkszxcjqwaomntir;35
140276999738696;flnoymqiwsxpadtjk@yopmail.com;wnehjzoibkxyqrmls;48
140276999738760;glbvqyedhpwrcsmz@yopmail.com;bogxluptjieyahn;20
140276999738888;ndtukpfvcjimwhy@yopmail.com;euahslcnbtimyrjgfxvd;64
140276999738952;xkwqpltfgjmrcynd@yopmail.com;yhbsromnvexafpwl;32
140276999739016;vzcwurxndipmslbkha@yopmail.com;tzcyjwhuinkvlbs;25
140276999739144;zxiuslhwrtfgmyqpnjcd@yopmail.com;vpahjmsoitquwcrzf;39
140276999739208;vhrzpfwxodsmklyiqbcej@yopmail.com;mlhvwtkaxfqobdre;58
140276999739272;nkegwhzxvafbtmiuqcpol@yopmail.com;cjyftzdxginkulevhwpas;43
140276999739336;dgrwvqmbkycxpztjlasnf@yopmail.com;hcukniqlbjfp;70
140276999739464;ogrxzvkqiasubfjn@yopmail.com;kasmcpdwtyboqrngelj;44
140276999739528;jxlbgakhfcvpyi@yopmail.com;dvxbfchrjesaygm;51
140276999739656;fmsurqzohtw@yopmail.com;ephrtfvjisnxwzac;39
140276999739720;eozskvhudmxqtbgwl@yopmail.com;erxtwgpliomckyzajuvbd;23
140276999739784;jtgcdyemkqnxu@yopmail.com;jfzroqyukwgidsv;34
140276999739912;hzfltwsnyqbpjme@yopmail.com;lgyxsmnivjrwaoqkecut;36
140276999739976;aducqngibjt@yopmail.com;pztwfgrsqnhivkoeucm;35
140276999740040;qdfbrowvajke@yopmail.com;xcgpkatwqonbdymlshrje;18
140276999740104;mvfpchanogqjsktebyz@yopmail.com;ezrhdifmksgplctbo;67
140276999740168;hedjqpsncovu@yopmail.com;eswzujxvgmqpah;28
140276999740296;tgjrwvnqeyhkxspzol@yopmail.com;ufvwkszqnbcpdamjxlger;33
140276999740360;pgilrbnouztyemhdxckw@yopmail.com;mxrngiwujs;45
140276999740488;ynkadvmhisopxcbwj@yopmail.com;kljatoecwsbfgpuziqrh;70
140276999740552;chnjzfuirlbv@yopmail.com;iduczfvjtrq;50
140276999740680;astvjkhpwbgorinmquy@yopmail.com;ickmsyjqutwxezafdhnr;52
140276999740744;bacexldruztq@yopmail.com;zvpokxbsjtheuyfnqcglr;63
140276999740808;ngkwvhoayirlue@yopmail.com;utzhiyrdaje;41
140276999740936;mrojsifuzc@yopmail.com;ezqnmtdgyrovjlhawuspi;51
140276999741000;cpflykebgomw@yopmail.com;hslecfpnbqimwyzrxkd;40
140276999741064;scwqhfnuzl@yopmail.com;epszucgdmjlanwohxft;63
140276999741128;khcbeuqfjioxardvm@yopmail.com;vtkbosuqwxhplazf;65
140276999741192;zjuascxvoh@yopmail.com;wcpbashdrxomgyznfvik;51
140276999741256;igepfohwujcmlasytxknr@yopmail.com;rdomauhpig;30
140276999741384;uzibnwmvxlfga@yopmail.com;ohdleasbnwxkvjqi;26
140276999741512;oywfvtuqbxehd@yopmail.com;lofkcsuwzj;22
140276999741640;cekbjhzamgdisovl@yopmail.com;vjflqztwshyec;73
140276999741768;vopiakmxduszbtrfchely@yopmail.com;qbckhjxwnt;45
140276999741896;pfatzigsjlxcrnokdvwm@yopmail.com;skueomcqtbzij;54
140276999742024;jzrnhilbxgqctwksauvp@yopmail.com;mrdybuesahti;39
140276999742152;uvwyrsaetifk@yopmail.com;dtmpafkhwrinsgcvqljx;48
140276999742216;ohlckrbwsxytnevdqug@yopmail.com;dvtzscanmiqu;32
140276999742344;knmqardcefgisj@yopmail.com;shlfcazymkd;34
140276999742472;mpgufericqtkzv@yopmail.com;jpmrexnvilgsutazkwbo;44
140276999742536;phelmwckozjdiy@yopmail.com;jyidlcxkzfeo;37
140276999742664;ntsmafjxyvzldgbowr@yopmail.com;zyrntbwpiefscma;66
140276999742792;lynigpokafsbr@yopmail.com;phbnftcukimeaovwr;57
140276999742856;mqoadsibjg@yopmail.com;huaizbgxysplnvj;44
140276999742984;vxzesfqpdrwjohytmn@yopmail.com;urqwemtigo;40
140276999743112;wgpfljmixco@yopmail.com;fexgdkvnsmoubziqplhya;31
140276999743176;saonbeitfumwhcd@yopmail.com;fqzodnyuci;48
140276999743304;gfnuqtxskjblpvyoehw@yopmail.com;rfjoznekdbqypl;73
140276999743432;kgwlzyqarituovxhb@yopmail.com;lvcjdquynikfhrt;21
140276999743560;xdoacqgupsihz@yopmail.com;hjbcfxokpaqdwey;53
140276999743688;sgfbrqdtjzmoiu@yopmail.com;fvwiryhtgkdpsac;38
140276999743816;tduybzingfekcqma@yopmail.com;igtwhrefdzqy;71
140276999743944;reqzxdmaygj@yopmail.com;rhgdioeswc;55
140276999744072;dhqsjwulbnygxafivprm@yopmail.com;nsztalpqvkw;71
140276999744200;mfwaihpybxqc@yopmail.com;vrceqxmgnfsyuki;18
140276999744328;lktnaxrebdpjw@yopmail.com;bzygqilcpxmvjnuseroft;47
140276999744392;ombcrtxknwyvjapfhie@yopmail.com;hukpbxltwq;41
140276999744520;sexkjmqbvzfpltunoaw@yopmail.com;wjgklahsxiydzmpt;68
140276999744584;rmynvtjusgwi@yopmail.com;nlkfzimoghuepqw;22
140276999744712;zwqfndimljvrhyacgeu@yopmail.com;oamkijgdztlce;26
140276999744840;onhiagczewt@yopmail.com;jbwucdoplxtnzagr;22
140276999744904;jspkfvgdnometqlbx@yopmail.com;qpushwfyvoxizrg;49
140276999745032;vbirtexhmkfudjwcayg@yopmail.com;cbioepnzlxgv;74
140276999745160;ntmbaysxwfugzqlr@yopmail.com;nbvkhluzsgeqaw;65
140276999745288;zkvtpmiwgjydre@yopmail.com;jagfbpmkhrlsitwyzc;30
140276999745352;zpfldwhtuvxncj@yopmail.com;itcnpouykdvgmajb;65
140276999745416;dbvtrxjyaqn@yopmail.com;qrbskhczapifjgdnx;41
140276999745480;pcvmjszowxhtirqybaukl@yopmail.com;mioxfdeszkv;19
140276999753864;toirvxzwmhp@yopmail.com;qemnpjydzgcrswtkx;69
140276999753928;lcunkxmyvbqgahedpzj@yopmail.com;ypreidloctvsxuj;51
140276999754056;seuthlpmrdxfcgvqbj@yopmail.com;wovmcgyiqdtbhxse;61
140276999754120;ywjbnrxucvlegkhdm@yopmail.com;inkltmwrvzaopgcybuqj;18
140276999754184;byxvfejizawgqcs@yopmail.com;vcbiypksmrox;40
140276999754312;tqvjegrmlchdzxwf@yopmail.com;nrysaxdvqm;65
140276999754440;shzniqtbydcapfjloekrx@yopmail.com;icureyqvfsbxopk;26
140276999754568;mtreghsajvp@yopmail.com;dfjgpomsybze;35
140276999754696;nmoegpykvihzbrfqjalw@yopmail.com;pflzsvikohdqgaexwuj;29
140276999754760;eyxcgtdksjuwpqbamnolv@yopmail.com;yehdkqbcfrnxtljgpvow;43
140276999754824;dqchjvluerpmbi@yopmail.com;pkwdirvbjnfalhcz;70
140276999754888;gulshypxokqvrjmibndcw@yopmail.com;nxtuhpwfdybkjeilrazom;39
140276999754952;iscvunazkrlbmo@yopmail.com;umfjpqzywac;63
140276999755080;orjizgtmanbpvsyekqc@yopmail.com;bjasvzulycrfkwptgmi;69
140276999755144;vjsaexocdlymfr@yopmail.com;mqglfarkvyhxsczeuo;69
140276999755208;tmzlnfdpbyoq@yopmail.com;kmogdwhatsey;61
140276999755336;undzxelbahgciosfmjtyk@yopmail.com;kdonuyzetqawlrvsbg;75
140276999755400;rozqmebsingwhkafuyp@yopmail.com;nacplkdigrsbzueovyf;28
140276999755464;lpiskaqfguowry@yopmail.com;ixdpnkjcoyrzmleqasu;60
140276999755528;esxonphtvqfylj@yopmail.com;kgphbqcrnive;31
140276999755656;dsrtonqfpmhjgwyxkble@yopmail.com;ncoutklajwivbzhr;69
140276999755720;siqcfpwazx@yopmail.com;xtybmpzndlosvhk;33
140276999755848;mceitqzdralfjv@yopmail.com;hlzgocewjub;59
140276999755976;yphuteqrwncxsizmg@yopmail.com;xgdwiqszcnovkpljtyhb;54
140276999756040;uozqnmcbdapghwlijkers@yopmail.com;pzvohqfajend;66
140276999756168;kqdgzbfoylcpj@yopmail.com;euohmtpxvqc;26
140276999756296;bmpgsqzkwivyjdra@yopmail.com;jiwagqzbyro;57
140276999756424;jkfwzmbncpuyaxodievtg@yopmail.com;badnfiqgclmrj;34
140276999756552;vugfjtyxdqskwnl@yopmail.com;nimpfjcevyqaubrdsh;63
140276999756616;fqhlmxrpgnwtyozu@yopmail.com;ucanhrbpsfklgjv;50
140276999756744;gjpxydtvehrunzbmwfco@yopmail.com;dynshjrmvizoxkc;58
140276999756872;nyhvtwmsiajpxqkf@yopmail.com;mwgtcujryhp;52
140276999757000;gcyuvlrzjd@yopmail.com;cgyxjbhoualvknte;70
140276999757064;juongkzdtay@yopmail.com;ztoxmqhefw;20
140276999757192;ntksuywemfborpaq@yopmail.com;kzectrgdnumao;58
140276999757320;xqheaibywmnvlgoz@yopmail.com;kptdbnalyjuhemvzofw;40
140276999757384;olkscgfmixewvruqt@yopmail.com;mlndbscqprxwuefig;19
140276999757448;aoegbcfwhs@yopmail.com;jqeoszndlibxkymwurg;63
140276999757512;kvbrjmxotuzisfclhn@yopmail.com;vnwijxtykblhszgpdfoq;18
140276999757576;czmkjtgaebsn@yopmail.com;ugnhrpafcl;34
140276999757704;zmluqrxnivayoc@yopmail.com;muyngfqatoswh;69
140276999761992;heuprfvldsygwtq@yopmail.com;gtivombfcknujpq;53
140276999762120;ykfulorjtghvq@yopmail.com;zfpvtcryagwdiseuh;66
140276999762184;cdtfzebopux@yopmail.com;hgkpajyxbzwdrviufstmn;19
140276999762248;tdzkavngbeyxpjluc@yopmail.com;xtwanrsedqbofzpilckyv;19
140276999762312;ahsvuwbkrnjtcyxdgqzpe@yopmail.com;cegxvwsnzfykitjambl;26
140276999762376;eoflcmqrzutb@yopmail.com;tnkycqmoefilzjr;75
140276999762504;iozwemnktqhpsfy@yopmail.com;yfoquhsipemjkx;59
140276999762632;ahniwkmqovcgbdtjsel@yopmail.com;bmslvefduch;33
140276999762760;vmrwqanfchjolubydksx@yopmail.com;ekgcdthylrbosmwqfvz;34
140276999762824;qzmjbheyxfkcw@yopmail.com;ihvqnwrcbfyzkjaptux;40
140276999762888;ezrybxlwfgkvtujs@yopmail.com;ocpsuyfjlkbwznrimgvh;59
140276999762952;lfqjkptevyh@yopmail.com;fkcnehmxbvrjzwoqa;72
140276999763016;vnbxzyosrjalkgqcd@yopmail.com;jtbpahsedywzrvci;66
140276999763080;dnictqxfblrzagvo@yopmail.com;dmrlevtbhu;67
140276999763208;pgoslfadcq@yopmail.com;qfterblknuwydhamosgxj;20
140276999763272;xklrmbatcqsevfpozn@yopmail.com;nyfdpuswahekzxmbqcg;66
140276999763336;dltnhkoqwmb@yopmail.com;vkazdhmonjue;22
140276999763464;hwkerqjonxs@yopmail.com;zfoejtkwdnbrslau;69
140276999763528;fqjhcegoinbztvsydpxu@yopmail.com;vcmqhgyowtsxrznleubjd;60
140276999763592;hkgrzfdbexnsqi@yopmail.com;wkldmnfixe;62
140276999763720;cldtxejbmq@yopmail.com;lfmcbtapwqyskgn;58
140276999763848;epviuxsbowynfdhtz@yopmail.com;ctybgjqfep;66
140276999763976;rnwtisdgvlbkqu@yopmail.com;juifczodeyvmtgskrlb;20
140276999764040;cupzsfnekr@yopmail.com;rnxucivpjsdfawgohybq;42
140276999764104;lqtwbekdagrchusfjiz@yopmail.com;qpdconkytmfzrusx;48
140276999764168;nbxqzyvalmhrsutcfwoe@yopmail.com;jtizbwycnvfhoegsrpl;43
140276999764232;xemjpqoscylkfnv@yopmail.com;bxhqlasfukzvpgt;34
140276999764360;qkdgbrxmtyeo@yopmail.com;gdzropxaefbn;59
140276999764488;wkijfspvyqz@yopmail.com;gafrphnlqbvd;19
140276999764616;lvpcdthgabqjzyoswm@yopmail.com;ocqgmreuipfkxhvywl;56
140276999764680;ulozmkwnfrxaysvqhtid@yopmail.com;nywplatgsmuqdxcobzikh;53
140276999764744;nxabjeilrpydqzshco@yopmail.com;mehwvrilfqnsbyxtuz;33
140276999764808;qyithsfvlodpx@yopmail.com;unczkovbwxsqhail;40
140276999764872;yikdcemtwvg@yopmail.com;eabrfcxuqmwsd;18
140276999765000;nazbrguhmq@yopmail.com;igemvnhqrkjdazwup;39
140276999765064;gyshbjnqlkactupdw@yopmail.com;nduxokwhlgr;51
140276999765192;qfomadywnijgr@yopmail.com;rncmdxjleyigtvazs;49
140276999765256;qkmviobxruyfdclta@yopmail.com;xchskdrvtuzbij;18
140276999765384;kpgqwxlyecdn@yopmail.com;qsxetpfhdzuya;46
140276999765512;wvtfgluhcrbaxmyoijs@yopmail.com;ygdsenfuhmratclpxjo;49
140276999765576;ztwojiauvmpygslrcd@yopmail.com;azcstguwfqxmjdeb;50
140276999765640;icmrtyedlusovah@yopmail.com;xntjmvsgpwhefzqrdal;41
140276999765704;wzpgsqmatf@yopmail.com;jbftckgzupwyaxlisde;48
140276999765768;lyupmsvjcaekxfrqbogn@yopmail.com;dbikzpnrhcoqmel;37
140276999765896;dcgrfvpoekqbuz@yopmail.com;hyadnzresx;34
140276999774280;gjtepfiqrmuhnwkav@yopmail.com;hxnradlctuz;38
140276999774408;evgwkcsxqohjnlyiz@yopmail.com;ogcxywzdtl;61
140276999774536;kjtfhspdcnuvmxol@yopmail.com;iuxywokpce;49
140276999774664;uzrgfanocpvdmsxtekl@yopmail.com;smelgncjkbahuwr;18
140276999774792;dhvsyqwxekz@yopmail.com;toqrwbplyiudf;45
140276999774920;yvgmdqrszhnpfouwjb@yopmail.com;uckmioydhgzetfvsnawpl;43
140276999774984;fxbchizwgmse@yopmail.com;xeugwdlymsifz;34
140276999775112;zfvwuqyjclanbkd@yopmail.com;sfniqrpvhgjldmkobetu;25
140276999775176;mqnfhyjszogawvb@yopmail.com;qbainxyomltwf;58
140276999775304;ovandwxzplri@yopmail.com;sjxcgmtrpnbo;25
140276999775432;qstlgborkanmjpxyw@yopmail.com;vtojhasklyigndfezurq;23
140276999775496;vgtiexdyoszf@yopmail.com;jqbcaetpdmfknysizol;43
140276999775560;cwmkerjivgpyno@yopmail.com;ikdombucrjsqyl;75
140276999775688;msrpxywvgkblfjc@yopmail.com;xzpesvcmlbiu;73
140276999775816;ntpqgiashrwm@yopmail.com;hcfeszoqpbwvy;73
140276999775944;kosixfnwczymurah@yopmail.com;rjswguhvodnfetzqkm;75
140276999776008;qcilpmaftwsbv@yopmail.com;jbcgmidhnywqtfoxv;48
140276999776072;impbhjewvnqgkcltfsuox@yopmail.com;gbnxiohekumldfas;62
140276999776136;epqdnzsicmfvwhjgtyb@yopmail.com;nazrhgwtjlvpuxqsfck;20
140276999776200;gbixdvthukpejnazyr@yopmail.com;eomdisjgbvtnzlfyk;38
140276999776264;vbajresihtlgpfxu@yopmail.com;wgbvaxkznfjcqoepdt;39
140276999776328;onvqjgycfkxtdbuslerw@yopmail.com;drjbqlunmacpfv;27
140276999776456;cyudwmsnxvfipzagj@yopmail.com;aednmblkowyg;63
140276999776584;gwtmjspuhfad@yopmail.com;lkjdbmothugzcavfyeqn;70
140276999776648;atwbnhelsp@yopmail.com;geujlbqhsvimntdzxwy;37
140276999776712;uldkeocvynzifapb@yopmail.com;utizvwpobyakfec;45
140276999776840;yhnvpidrmqjsebl@yopmail.com;lcfvmakgipehu;27
140276999776968;zjgrkbsvlhcxonwp@yopmail.com;jkepywmsfznqcb;69
140276999777096;zeganhvtlmwx@yopmail.com;ezqscptokfj;30
140276999777224;jfaepudciwg@yopmail.com;gedhyvlwpuj;49
140276999777352;ayhbijulzpsfr@yopmail.com;derabghkowytvpiuxz;33
140276999777416;rshmlnipbdgwvekzcjt@yopmail.com;sedfizwjxmkyuqnbrchv;70
140276999777480;tgrqcyokvlubhaziedjsn@yopmail.com;kmcqaihnujzxbegfpwtov;69
140276999777544;qsgmvuwznypfbrhoxi@yopmail.com;raslziukncxqov;60
140276999777672;qdkrmvacsjhb@yopmail.com;tujbozqnawgf;66
140276999777800;ibkgzemoahfuwcxlysnd@yopmail.com;puqrsnlxbkgtjvcdae;46
140276999777864;rjxiscodaqmhz@yopmail.com;fciqvsetmxbokzaj;24
140276999777928;uogkyrhblzqfje@yopmail.com;sekgaimquvow;60
140276999778056;bojqdefiyrthsawu@yopmail.com;tpncaxyhiqfojb;42
140276999778184;kxlmurtvojipeqhydzs@yopmail.com;woezsrykxmgtcdij;49
140276999778248;mxphiklvetnfsqyujraz@yopmail.com;sopclxvwratmq;18
140276999782536;cqnyhgokbxs@yopmail.com;upvdtskjimeol;43
140276999782664;exwaruqdbtchpo@yopmail.com;wrifzosvhgkdmqebxn;35
140276999782728;apbdorluszim@yopmail.com;tmhsdibgqovx;53
140276999782856;zgbakumftw@yopmail.com;nfeyvpmrazlui;42
140276999782984;ykqfnuavholdbwgpzj@yopmail.com;nkrjgoudphielqv;24
140276999783112;cglaxyzmhdfqntj@yopmail.com;ocyjaudihzwsfxtq;37
140276999783176;rdwihtuscbvgyxpemqfa@yopmail.com;lpswtnymqjfrzgia;42
140276999783240;zkwsxghavcifdmbuqtery@yopmail.com;vdghroyztbcksfneuqija;28
140276999783304;teoyuzvhldrji@yopmail.com;xbvtrnudcea;54
140276999783432;mvytrnedzbs@yopmail.com;bnlchodtiqveurzpgsm;29
140276999783496;wijpamreodh@yopmail.com;pwrdgutyksaibmefojv;53
140276999783560;xlniptbgyamzejoh@yopmail.com;syzqorundicpwge;65
140276999783688;wfgjaeizokpsqvdcuy@yopmail.com;taryswfebcopj;49
140276999783816;urnpajghdctibws@yopmail.com;gjyocznvlpustmda;72
140276999783880;kfazgvjticrsybn@yopmail.com;zfsouewbcpitqrmlxdhv;74
140276999783944;wheumtxvkd@yopmail.com;seqkxlhudwgmnz;40
140276999784072;ycgwtrzfisepubohdnm@yopmail.com;ufqhojplgswdbyzxr;43
140276999784136;wyodqkeipbnutzj@yopmail.com;ewsnqbfujiyhad;52
140276999784264;lsqjabkmowxdcfyuevi@yopmail.com;sdaflrzqgbhjkwotpncy;56
140276999784328;nsptobgdekxfmivruw@yopmail.com;uirgptdaycvkhnqslojf;49
140276999784392;pzrehvfkscd@yopmail.com;bwvqfhnuzgjkac;32
140276999784520;bfthkwsqyvlpxzgudj@yopmail.com;ewxdhkyfrauizovjgmqc;29
140276999784584;wrdkmnxtgqivfzu@yopmail.com;uxqtpofzkgiwhyvjdse;41
140276999784648;sajqwmvcirkbyxgd@yopmail.com;tcxzpfbkdhngjs;19
140276999784776;eiyclgkautfwxjzbdpsov@yopmail.com;zxtmpgnrfc;75
140276999784904;gflpwanuqdrkim@yopmail.com;tnovzcriwamspjg;71
140276999785032;wlceikqsup@yopmail.com;ubqiazldjwcnvehxtspo;48
140276999785096;qtsvwprecmfni@yopmail.com;cugeawypjzoqitkmlvsxh;52
140276999785160;rwpjduiynzoxamgfbesc@yopmail.com;hintejoxkqszlfgr;20
140276999785224;ueckzjmlpbarsogqdhv@yopmail.com;dfpeuhalmzbr;72
140276999785352;vbhqzakrtsgn@yopmail.com;slmdwqucybveroh;32
140276999785480;whqulgcpdj@yopmail.com;ctzraxugebwvhdnmjlo;58
140276999785544;blrxoukngyipwmjzedqa@yopmail.com;ujmybxretndgzscopk;64
140276999785608;julbdwcsizrvo@yopmail.com;vzwxursdhk;53
140276999785736;sebuxzrmhkyqvtlg@yopmail.com;fjirywhovnkqa;26
140276999785864;zokctiwxhbdrvqsefnu@yopmail.com;fztwylcrsbgd;60
140276999785992;fdanoempgjtvqlwrsiyuh@yopmail.com;xctgezjkmuho;68
140276999786120;iosguqfrxkhvpna@yopmail.com;qdzcowjvfeapulsih;59
140276999786184;qpwerozbimuvadn@yopmail.com;qkigfbmupz;38
140276999786312;xsfvorajht@yopmail.com;qfcobinthzsmjpv;71
140276999786440;oaxnzkbevfw@yopmail.com;nwoflbhujtxsmvdg;52
140276989726792;fqrzwpaxglbvtejd@yopmail.com;hbfonwmxvdqcepzijtgsu;51
140276989726856;ynmdhtpjurxo@yopmail.com;mbduzcatxin;63
140276989726984;bljsoaydhxtpzqriegw@yopmail.com;kjcylzoguhbdiap;36
140276989727112;rguzbnaixm@yopmail.com;tjkgrafecmiqohpv;67
140276989727176;puncshfyvmtiqbdx@yopmail.com;eizvlwbjgrf;19
140276989727304;vrqadljineo@yopmail.com;ltrhewmdbzaxfunopjqsv;56
140276989727368;gebqikczhrmu@yopmail.com;chqxgrjlftmbyeivnk;44
140276989727432;kqczduinmeva@yopmail.com;buanhvxyqseg;54
140276989727560;vbzlapqysjnihfcexm@yopmail.com;eonktshrizwbvja;37
140276989727688;bdgswlrjaqmhoein@yopmail.com;qtmbjzaefn;48
140276989727816;dxnjgivezcwamshlpboq@yopmail.com;olnqkatpuzhvebrcfgy;25
140276989727880;ngjfqmytphxdcrlu@yopmail.com;dtnslboqyjv;18
140276989728008;xqpheiadvbltrksmjy@yopmail.com;vhxlfuinpmg;27
140276989728136;oviyjqnfleduxgh@yopmail.com;dqcseutbgonzfipx;27
140276989728200;ahvduecqorzg@yopmail.com;blmrvwyjtd;27
140276989728328;dhbqezwsju@yopmail.com;ubftohaqls;54
140276989728456;hfgocelxjpyi@yopmail.com;vubtmexjorkwfasi;24
140276989728520;xswnqgmjkopletu@yopmail.com;exolwdiaztkvfmjnsugc;48
140276989728584;ebaihcjnrv@yopmail.com;nxkbtafwul;70
140276989728712;bctlijfhnxed@yopmail.com;qomshwuctlab;47
140276989728840;rvuacsykfjqwnt@yopmail.com;zqjhdicaswepklfrbto;29
140276989728904;jidotuqmyrphlcvkxzbs@yopmail.com;kyjofanmuphwxc;34
140276989729032;flgpjdstnhiza@yopmail.com;hnjpvztbfdawuireqkmgx;26
140276989729096;sxiqwvouakh@yopmail.com;jyshvwmfrdnlxpazqceo;53
140276989729160;grkwxapoqcjztu@yopmail.com;fobmpvntsqxudk;50
140276989729288;ldwjvxhsqfbzicr@yopmail.com;upmhcekfjsqtzvxno;42
140276989729352;otaujybxirp@yopmail.com;iobutsqxhpn;35
140276989729480;xwqdkhalfzn@yopmail.com;cedpomgqasjfivthwb;41
140276989729544;spknciweahzbmqx@yopmail.com;rqjmcbekatiyxlpdhzg;35
140276989729608;kdumozhsac@yopmail.com;rkehxlqztanoyv;35
140276989729736;imrupdshwafng@yopmail.com;zgjkudwisbcotflqm;38
140276989729800;tuxehvaink@yopmail.com;ushovnajxqfcbpegd;21
140276989729864;dbagtslxcfvqnjkpuw@yopmail.com;hsngoxtjipealyvfu;53
140276989729928;eivrxhqubm@yopmail.com;nrwxcbmhdgjsaetzk;23
140276989729992;wzmrjuianglyhs@yopmail.com;lkxwhvgsdmftrajenuyob;37
140276989730056;wfhtvsaybqdlzxuerij@yopmail.com;sujbqvwpmrz;49
140276989730184;epdbzahvwcomrg@yopmail.com;bisnrzjpxegytuwolvhm;33
140276989730248;dklftanehmopcxy@yopmail.com;wrxvfymoesh;59
140276989730376;zifjqlnwxpbgtdm@yopmail.com;hapgvfnmxd;49
140276989730504;ixqglfneotycvwamsbkd@yopmail.com;uwolnpfgszrcyetdqv;54
140276989730568;hcuyfgaoqb@yopmail.com;twurnbvepli;50
140276989730696;mwdjktgsryoulvxhz@yopmail.com;junwbayrogkdfl;75
140276989734984;dqeysjuhlzxgnofpt@yopmail.com;kmdrlepjgtbzxaysuvfnh;29
140276989735048;ftjerpucgaihxkyq@yopmail.com;jblvqmpzfnicoh;42
140276989735176;etyrbjkglnq@yopmail.com;fnvxyzrmukth;41
140276989735304;kpxalwbjhqctyusiro@yopmail.com;zpbqdyfnxijw;42
140276989735432;jbngiowxuhpaqmle@yopmail.com;dvscajinewtghfourpkm;27
140276989735496;fqidcabyrhptslxjowez@yopmail.com;fohmzbtwkjnilx;60
140276989735624;znoawbpmsqerxcfhdv@yopmail.com;vwchsdqjztygupm;61
140276989735752;qihbvgekml@yopmail.com;inzbacmtvrkf;34
140276989735880;zlqrpvbgwfik@yopmail.com;damuzjlrhocegvf;75
140276989736008;irsdylozmnxeauqcfv@yopmail.com;abfknuzjgledx;59
140276989736136;vjkyhzeiquwscxgld@yopmail.com;pgvhakrodwclz;56
140276989736264;loibueqstjwpxynr@yopmail.com;xzyhlqvbjpucekns;41
140276989736328;rkfnywvhxeb@yopmail.com;ykiejgzvlrcmsfnxdotpb;62
140276989736392;cdhkbyonta@yopmail.com;jiboyzweunfht;48
140276989736520;tnampovigs@yopmail.com;lkwdxyjtsqmbgvocnaue;66
140276989736584;ctmurpizgq@yopmail.com;ysfazdlkuhmgwjrvexbnc;32
140276989736648;bnrfskxoqapyt@yopmail.com;dqyestufpah;55
140276989736776;iupcqabkxylz@yopmail.com;iangjbwyfxruekmcvhpq;37
140276989736840;dfnayvoezcmqwjbru@yopmail.com;xnygsmviozb;54
140276989736968;qnirawujgzxmedbfcp@yopmail.com;tlwfzjxnsrqmochbgpa;74
140276989737032;cvrwafidulgohbe@yopmail.com;nedpxtrfcjziswbglq;67
140276989737096;iwxynejvoga@yopmail.com;omepnjuycbw;23
140276989737224;wlnecgskaodzrvyxbqtf@yopmail.com;qteskuofcvhzbmi;61
140276989737352;hlsamxngyiojrfepcqtdk@yopmail.com;lsmnbwhxavoki;64
140276989737480;dyqokfgsciumhrzwnpv@yopmail.com;nfxilqtyhbmzpjuwvs;39
140276989737544;djifwvcpxg@yopmail.com;dsgzlrwnuxbcaheitfo;45
140276989737608;zgwnodryhj@yopmail.com;sczutmfrkahjblqpgxoey;37
140276989737672;rukblaqzjdytc@yopmail.com;fqigsojmeykaztvu;50
140276989737736;nmiqzejrly@yopmail.com;xelvgowkjtinfbmchap;38
140276989737800;lhxukqneoztwmjv@yopmail.com;cljkyexwofvdnh;44
140276989737928;wguifrsavctmeykbdh@yopmail.com;vxfsmntzjpogqbkwerlh;20
140276989737992;tnykeblgcfpjvwhuox@yopmail.com;lkznystxrogduhav;21
140276989738056;oecmaubfwriyhxjvklsgq@yopmail.com;fgvurskcwyaiqb;44
140276989738184;wvmupiyhxqzrbtg@yopmail.com;xozspcfriewvgmj;41
140276989738312;exdflngomvkt@yopmail.com;fadqzsexwk;50
140276989738440;ngijbwtdzafyeckhmqr@yopmail.com;siaqpbnxdtwmgoelcvjhy;28
140276989738504;ygmzqcaspwiukd@yopmail.com;sreljyugmpofdkbhan;68
140276989738568;oyvguaxncqkmw@yopmail.com;bnjdlsfpcuxwya;49
140276989738696;hrktduefzocxpanwigby@yopmail.com;jcurezqvyitgsnfpdwxo;38
140276989738760;rhniumeaqgbjfvyx@yopmail.com;uihvrmolzjgncayfswq;39
140276989738824;cjtlzpsxeogu@yopmail.com;jksrtwbyeqpahdv;54
140276989738952;coujifkhrvnzdsm@yopmail.com;mjkfobcldav;59
140276989743240;hmqzvwadbftrec@yopmail.com;qwymetjgbxdkpz;46
140276989743368;vecfshdtxlzbgkiw@yopmail.com;evrohictbgpuxlsa;40
140276989743432;egjaqicryfnolwvthsubd@yopmail.com;aqvpswuyiolhftjmr;43
140276989743496;cbvuknyrfwijlxpgeadmo@yopmail.com;rngalfxqbkophicvmwts;74
140276989743560;ltpjhfsydnockx@yopmail.com;wizkujyraoxdhvgecmqtb;43
140276989743624;vcabduhzefyltios@yopmail.com;dtnhuwgjeyqblcv;54
140276989743752;ufpdxonhrjys@yopmail.com;nuskhpyvfoa;19
140276989743880;rjxiwztuogqlcsadhny@yopmail.com;wbthcujlyq;58
140276989744008;kfdavlucpge@yopmail.com;zjefxgkoytvan;65
140276989744136;qbrywotugfzxsdiahlck@yopmail.com;mndskgxuhr;30
140276989744264;nmjhafriluwpvk@yopmail.com;evztbpcqjormnha;45
140276989744392;zeakchqnvfbjyw@yopmail.com;ghmenivlbrajskdxyq;73
140276989744456;bmngifzoaqvteurs@yopmail.com;kynwxurpdmegqf;59
140276989744584;tgxhvyanuremofkipwjb@yopmail.com;lcwbsvjdaminheyqrfxg;75
140276989744648;tuqjdfcezmpir@yopmail.com;fgaxrlsnizuqvoehb;55
140276989744712;ziqtycdghlera@yopmail.com;lrmiboqtfchn;29
140276989744840;xhpewfnbdmitlroaygjsu@yopmail.com;cebxsdwnqtuzkgmpfovy;21
140276989744904;ovwaxmnsrjiqhekgulpbc@yopmail.com;wqugyzvlxabjrfn;39
140276989745032;hbansgveojkywmicqufxr@yopmail.com;ldsbjoptfnuixqayhwzc;58
140276989745096;ynjipoblgfzvkamw@yopmail.com;iudsatfoejwxzvkhgpm;54
140276989745160;dnzveiqhgrxtclsuao@yopmail.com;dymjsoqvgxukchefw;57
140276989745224;pgskdwiehjunmzvl@yopmail.com;qkjbcwnxsgedvh;24
140276989745352;oheabixlnrv@yopmail.com;nfbywqpgjedasl;67
140276989745480;onxgpdmsacqylbkv@yopmail.com;euihmsfqljvkpx;46
140276989745608;pysbimgxjku@yopmail.com;wxchfgzdbaosr;32
140276989745736;wezkphtbuxirmj@yopmail.com;fxzbamjtoypqwhu;69
140276989745864;tbvphjduoan@yopmail.com;yanthrwxcjkzveqgm;31
140276989745928;vilsdhbcpek@yopmail.com;pfecbzghlvytdixwjrouk;69
140276989745992;ewdpqrhanzuoxyktsvcjg@yopmail.com;xfealnokczqwuiv;28
140276989746120;bqjtwznriomhgspe@yopmail.com;oqjwufeihngxpzdskrby;50
140276989746184;ezfyskaxct@yopmail.com;tvmbwgzoenaqyfuldxi;51
140276989746248;uvphqonldgbmifawsr@yopmail.com;xtmvbhzoyngdielcruqjk;59
140276989746312;vnrchfmepjbwzkis@yopmail.com;pdczxyjhavlwfuritqmb;70
140276989746376;nsvkmwfhgicxbozqyterj@yopmail.com;hpqetukljavyo;63
140276989746504;qtvaezuicbdyhgnjwo@yopmail.com;puefztqmoriwklgcsanxv;21
140276989746568;zinqgletomadkfrjvps@yopmail.com;pcqdbjfuksia;55
140276989746696;ehnmdaxbgtpfuzrlqcwy@yopmail.com;cfjrtvimawhydg;42
140276989746824;zaqfbostwvlx@yopmail.com;kipzdlhaegjtmyncq;51
140276989746888;tfjmhbikuaxzpyoes@yopmail.com;knecorbztsfqmuigp;55
140276989746952;nrwhsxtqfolkui@yopmail.com;cenktbhdsxjilrgauzv;72
140276989747016;msiwguzaelkvrbfc@yopmail.com;mctwxorsvnekfbyhi;60
140276989747080;pkoavbmxirhweds@yopmail.com;thgobfvzwcarjlepdi;38
140276989747144;vqjuoebxphadgnrmlwzk@yopmail.com;ljyzqhdcvmpk;48
140276989755528;frgqmxtaln@yopmail.com;ioamhnjcqszutyxb;55
140276989755592;shfnqajbmx@yopmail.com;cxkstugqahfoewbmyidz;48
140276989755656;uxcwrohelpz@yopmail.com;fxrtshponzwb;44
140276989755784;gnqibwvzapyftrumhle@yopmail.com;efbpzndkmigoxuh;45
140276989755912;mvekzunlsfxqtw@yopmail.com;lkrfqtzsndjmxya;20
140276989756040;ptousbkiex@yopmail.com;peqdxjhutzl;70
140276989756168;wxyvhbgnpferzco@yopmail.com;slvfgenhdzkrbtwyx;73
140276989756232;wblcgfziphota@yopmail.com;epscvlhrgnykz;64
140276989756360;prnxzwlcesioh@yopmail.com;vyfqcljuoknhpdswmieg;20
140276989756424;jksxwlbihptvegdyc@yopmail.com;ohairwmkvfzsnyd;35
140276989756552;hwtckjbavudn@yopmail.com;ezbpuwkdvrtnglohsym;55
140276989756616;lwthypomkzfjgiecnu@yopmail.com;jhawykrxevmplqdtoc;65
140276989756680;dbiomqsnhkvxulapz@yopmail.com;sdkofynwec;60
140276989756808;ktrbnuhefyzjmpl@yopmail.com;iyjmdgvbsxpqrctwfhua;55
140276989756872;efygjomlwxrkhvz@yopmail.com;vrbkilcypw;72
140276989757000;fborewlhdcym@yopmail.com;dghafbiplmnjsrce;65
140276989757064;jyavupsgeiwoz@yopmail.com;plwhknigrfzqxavcbj;53
140276989757128;qhgrclujxfkz@yopmail.com;mezurblxowjqvadnsgfki;22
140276989757192;mzwinaofgdbckherp@yopmail.com;nftsejkhcrap;44
140276989757320;revkzynlhcga@yopmail.com;kumszqyjdfbxphgnolwt;55
140276989757384;rywpqhvexdioukgmbazlc@yopmail.com;ceyomfpvnhwjsz;22
140276989757512;ipcmbsguhyenvlo@yopmail.com;rfbieqhpdlconwz;59
140276989757640;mtxhwuqecnrogfsbkivza@yopmail.com;cixvwundklbj;50
140276989757768;dxwvnuohkzejyafc@yopmail.com;nyqexwodpukzshltvb;49
140276989757832;ufqmliscnzdrthbjoa@yopmail.com;rwmqbivajetc;74
140276989757960;bzpfgyulqdwcionvtaxh@yopmail.com;fdxbrtemsupkv;55
140276989758088;fmidynvpglreak@yopmail.com;mqliwuhpnzjcogae;63
140276989758152;nbvcwolikudqmxpjsegt@yopmail.com;npxbjqhkwcosgmtziaudf;65
140276989758216;zmgnpkdarxts@yopmail.com;cdutrvizgflbexjwsna;31
140276989758280;axkqchvtiyfnol@yopmail.com;ydjovuklihxmrtcgwns;25
140276989758344;mipltojvrdx@yopmail.com;mgkuwjfbrce;50
140276989758472;hzmnyoawudpt@yopmail.com;xroyasvwqkpdugtinchl;55
140276989758536;oexjpwkzamhdvr@yopmail.com;hsmrgceakvpywnquijf;64
140276989758600;uolpkidjfxgb@yopmail.com;vmkptdsfalc;70
140276989758728;vwbxemtuyhsqrifnoldz@yopmail.com;yqdsvtuwlceoakb;75
140276989758856;jishadmpofbkngxer@yopmail.com;cglrieufxjkwpmysqnv;57
140276989758920;ykseoxngqdvfz@yopmail.com;qdxnuvlykmhwastbif;57
140276989758984;cqpnzdrkifovsh@yopmail.com;icfwzygsxlboaupd;37
140276989759048;xoifzkpsadytmwlce@yopmail.com;zjhywtvxiqlufg;19
140276989759176;yxmosacpdbitkf@yopmail.com;qkjisbnmdofpagxcvwz;39
140276989759240;kcuitlvnmjwsgp@yopmail.com;tvamysoilcrh;27
140276989759368;nyadcuzqhsefg@yopmail.com;gaefljxhvwprqcstkn;62
140276989759432;gvyojhpwzlmb@yopmail.com;iwpncqygvkze;19
140276989763720;wqihesdkln@yopmail.com;byjhtlmxuwgvqsripf;66
140276989763784;zwlcdikjqtr@yopmail.com;pvienkmzcoaq;40
140276989763912;xgoptbuydlqwhne@yopmail.com;aysrpkzujnmdhq;72
140276989764040;mwebczhxdlirkntjpfyas@yopmail.com;xbvksdrcozulyqmjhn;63
140276989764104;uiyqnmlsphzvfaergtojk@yopmail.com;qzryblwagi;39
140276989764232;qischjgdoryxneblw@yopmail.com;zvtwodrknclmqfuh;58
140276989764296;czxhtunokeq@yopmail.com;ewqszvrconi;74
140276989764424;bqcuivpjtkm@yopmail.com;vmzrujtyehgqwadbf;58
140276989764488;tfpjnschmlkzwq@yopmail.com;tkufbzlxmso;23
140276989764616;pxkohztuevyilbdrj@yopmail.com;yzfjbgciphrn;26
140276989764744;yweudvmqfjlhbair@yopmail.com;mgxcupwdfikzertaqjhyo;50
140276989764808;xvjbcekazwnhoi@yopmail.com;gadpswkjxonluhbrzi;36
140276989764872;uhnzmobpckyiarjfet@yopmail.com;yntdjckogrpxvseaufb;45
140276989764936;vzsmjegdxakiypounhrbq@yopmail.com;uvyijbahfzrnqdpwxtkg;18
140276989765000;tzvsoyfehurdbq@yopmail.com;iwzafntoqsy;27
140276989765128;alpkfxisvctgwnhye@yopmail.com;qjcfsoeiawy;58
140276989765256;xmwjcfqkulnephv@yopmail.com;yzstpaujloxqn;63
140276989765384;gwsoufpxta@yopmail.com;nextcgziomaqvkbdp;52
140276989765448;wzefqlarjihxmcgpnovy@yopmail.com;hyfktamqpgrlz;71
140276989765576;zdixlbpqkyfn@yopmail.com;cglymhdsroxptbakfjz;53
140276989765640;dxyleazqmktvcghb@yopmail.com;vyjgkacplfxwridbnzm;47
140276989765704;szefmwlyxpcnadikqbuvg@yopmail.com;zpkbvocmjtfguediqhlxr;61
140276989765768;vdkwpfxaqzmyhucbt@yopmail.com;oxqtksinfpburvazhl;44
140276989765832;qvyuphbczxn@yopmail.com;cafknodjirm;31
140276989765960;bjkunoxlwsgectif@yopmail.com;cnlxiqrpftdhsoubzvkaj;61
140276989766024;dmlpgriswnqtkz@yopmail.com;utjhpfmcwblndegzosxiy;21
140276989766088;fxjlzeohnykwscr@yopmail.com;pwtdogxfcnezmru;26
140276989766216;nuigbhepxlw@yopmail.com;oaprdkgchv;38
140276989766344;ktavcuzhfenjsbirwqy@yopmail.com;pvxwzaflcetbngyuikjqd;67
140276989766408;xvszyporbgdueciqwk@yopmail.com;qjowxichmfbtnr;35
140276989766536;rvnsogmzfkwejtyqd@yopmail.com;bgokequdhxnzsvptryim;50
140276989766600;omitnjzwslf@yopmail.com;nwihvpqosdfctg;46
140276989766728;txhmgvnwpulizoacbjfdy@yopmail.com;ivnhtjfgawdysluezmxk;68
140276989766792;sptwkaxnrghyfbzdmjoci@yopmail.com;gotcahsrlfwdpzbyvj;58
140276989766856;lyciksuqaxjn@yopmail.com;mpuiygcdjolekvwntqxsf;50
140276989766920;dwbosuzpxthqlcgakj@yopmail.com;iqzylmoeajvthnxspcug;27
140276989766984;fbkpvytrxi@yopmail.com;tgidsecrqvak;74
140276989767112;ctwgbfudxaokqhepv@yopmail.com;ilmdnhwzoutjxpbk;69
140276989767176;dsghwafrkieobpy@yopmail.com;uegnathmyjzqr;37
140276989767304;drkghfsvxcntwa@yopmail.com;gmitpebazqlsofyhw;57
140276989767368;vaprgsymqk@yopmail.com;ptdewnzhrblcma;71
140276989767496;wxpikvqhsnmebgla@yopmail.com;arbxtscfoelu;66
140276989767624;grjwhncuelzabopiy@yopmail.com;cpyhtqbrdzimvjes;22
140276989771848;poajduymkqvlfzhnei@yopmail.com;bvlgfhwroa;26
140276989771976;ydqvmenlro@yopmail.com;jmskepcufvdyirqzntlw;28
140276989772040;lfoihcgavdneztpqyxwsk@yopmail.com;ufvlyerqwapcsbnzxg;41
140276989772104;ifybjxprsez@yopmail.com;zhevrlkxptygumbcds;30
140276989772168;ptkgzeuvyfrjd@yopmail.com;fmzgjcsqrvapxuthewoi;31
140276989772232;btdpiuzwrslckxyfvamo@yopmail.com;qmfoklhxnrcagwd;66
140276989772360;eavchytzjdgnqurklsbf@yopmail.com;xwjhztipqmeolkabc;47
140276989772424;lmepvkhstwy@yopmail.com;atloydbnrzieswhvm;19
140276989772488;vsemlybfgncquxjzipao@yopmail.com;cpjkyrfstvwlhxoinzedb;21
140276989772552;nslwoumxadezrcqvgk@yopmail.com;clexvjnmuzp;74
140276989772680;pxjwhefvub@yopmail.com;ximpjrfqhsbyawvnetguz;64
140276989772744;dmceyrgvwafujqbt@yopmail.com;fcdnxtoplzasbe;64
140276989772872;wlgvrotjyifzkd@yopmail.com;sjfemakutcr;71
140276989773000;ekfawdgcjxtmbyphlinro@yopmail.com;wlsigtboadvkfrzcmj;60
140276989773064;khzvmroauysp@yopmail.com;xuisnmeozqjgkvchfly;36
140276989773128;stiqruzhvojknc@yopmail.com;lyxnmgqeobdphf;74
140276989773256;fiodeqsxyagktjlpwrnu@yopmail.com;wahgoylcrb;53
140276989773384;lunxyfawhrestzoigjmdv@yopmail.com;dnmcaoeixvuwyp;28
140276989773512;hnjsautpbok@yopmail.com;whqkiloasefp;60
140276989773640;flijpcvgaqhsm@yopmail.com;rfsazihqwtvxdnj;49
140276989773768;pdtnuyihmvgxobsaqrl@yopmail.com;phvknzcawmgj;45
140276989773896;qzbiovkcyepnxmdlh@yopmail.com;fuszaetxkihpbr;47
140276989774024;lbchwqgdamkoitn@yopmail.com;vqtsrczmiujlpo;43
140276989774152;jcwsmdytkzipq@yopmail.com;klngehjuwfq;35
140276989774280;afzhlmrkxdcqjw@yopmail.com;vjahilmnrpxdwutbsykcz;32
140276989774344;dqaewhymrtxns@yopmail.com;imflhzkstawegcvnou;47
140276989774408;cbtulrowmjnyisxk@yopmail.com;zwtcxovnpielyrh;44
140276989774536;pszkjhxecbv@yopmail.com;akhduwyjmqpiltzfrxcb;40
140276989774600;elgdxqoctafibv@yopmail.com;obtxfzephykdwjqnlrsg;51
140276989774664;eygurvobqft@yopmail.com;hdgimcpretlojbvsz;30
140276989774728;xksgeonzywhlvbra@yopmail.com;gumaezkwihfqtybjcs;25
140276989774792;mslraefytz@yopmail.com;idyjuqkawntszgb;53
140276989774920;pvmshyoklqznu@yopmail.com;wcgjfaoptyimrednz;45
140276989774984;ekzdaxjpumtolh@yopmail.com;tsxdohqzcribygfkuelaj;37
140276989775048;yqjdtupnae@yopmail.com;mxcztldpknjfyrwohugb;64
140276989775112;ldhitynvugfxocp@yopmail.com;kwefmpguizobhnajt;47
140276989775176;iostqyrlemjkdauhv@yopmail.com;kceuqrhlbyv;32
140276989775304;qjyantrpkbvmfgwzh@yopmail.com;iuxoypqfezraslg;38
140276989775432;rucafnpokqy@yopmail.com;rihvlcukdqamwgzbtnefo;74
140276989775496;xbeoghtyiwc@yopmail.com;cdpemlqrxwjtsga;39
140276989775624;cmfkxnjleozbpt@yopmail.com;vqfuaihldygk;59
140276989775752;pcrhxnbyud@yopmail.com;dtneopslxai;31
140276989784136;gmzslafrtepo@yopmail.com;basihdcgwnkrqzyjvxtom;62
140276989784200;khoatqijldsuxzcpfnv@yopmail.com;koegscdfrlx;73
140276989784328;mnasyluvoipjtex@yopmail.com;btdrwaqeujhznx;68
140276989784456;fbitwhrzgo@yopmail.com;lxqkntwvjcry;75
140276989784584;hinjrwoemuazxptvfyslc@yopmail.com;pdajbhwulkzrscgtiyq;31
140276989784648;ywkhdnifpmubjtx@yopmail.com;zqatukvgnxphri;61
140276989784776;sbxneomhaciypwklgj@yopmail.com;rvjlyaxfbpiczwoshtkum;32
140276989784840;zptmrwanfqlhcijkyxvu@yopmail.com;eaixnfzlktmg;69
140276989784968;dtmskqbarxylw@yopmail.com;navdqhzcwrsutefxpb;22
140276989785032;dfjktpalzsmy@yopmail.com;xagoumrpcwjvlesfyi;27
140276989785096;lgcskobvmdzh@yopmail.com;mpzytahkju;38
140276989785224;bukmtocqxnjzspr@yopmail.com;rjlpyqtivksxhuawb;19
140276989785288;iwvzjtlodkysg@yopmail.com;awvyzpfdlhis;60
140276989785416;dhvqcrmkuwax@yopmail.com;cflxdhinvrasqm;61
140276989785544;uqcjytifwdrzmsbgp@yopmail.com;efbqacmdlpnkzojhtrw;63
140276989785608;vltspkidqrfgaj@yopmail.com;gfvbtawixuoncqdez;47
140276989785672;oyzliasmpckfjhtg@yopmail.com;ksrqtuycebnpf;54
140276989785800;sielnxfgykjpvuzdqam@yopmail.com;ekxdmclsbpyqfwviuorjt;61
140276989785864;tyovdaflpzgwsrbumkj@yopmail.com;rcuhdngletojaipqxz;69
140276989785928;zsihoybrucg@yopmail.com;dpygejkqtbfurnwamzv;59
140276989785992;crtdywsvgfo@yopmail.com;meshtlbifnrok;21
140276989786120;zxnfsrplhgweamt@yopmail.com;jxbodzqckyi;50
140276989786248;ruknjseabxgwoif@yopmail.com;fcksgvehanbtplij;29
140276989786312;vgtyseaijmol@yopmail.com;atunsxowyfrgvdjie;35
140276989786376;fimaukwrvcgdxzloqshte@yopmail.com;qhsrtlpeyxjadgnuv;51
140276989786440;txnabiehomzq@yopmail.com;syzibpdgxnqvhrulf;36
140276989786504;fmlgoatbdrincj@yopmail.com;woavgseyxfjipld;33
140276989786632;cuzlqmkesxg@yopmail.com;eqbriywnzcsgxd;24
140276989786760;gilxyvjsbctqfkzph@yopmail.com;esjlquoirk;55
140276989786888;ylvtewbinzaucqjxr@yopmail.com;rubhedwjypvglsxoktf;43
140276989786952;nafreumkvgpod@yopmail.com;rdcmxgfpytsqnjkbue;59
140276989787016;ybhfpdqusmwe@yopmail.com;rzposeklxnqtbgfudh;59
140276989787080;lwzcbeshjd@yopmail.com;lqvbrajdptzysnkufowih;62
140276989787144;yursivzedwhn@yopmail.com;baxqrtgjcnlmzfvupwoh;36
140276989787208;xrlqubokcm@yopmail.com;kipdbhczulxne;44
140276989787336;zcahrsobqtiyedlf@yopmail.com;hvswefaxzptgcblm;63
140276989787400;ckeriwvupmj@yopmail.com;ansytjzdlhwvfgqe;32
140276989787464;ostwakbqyufcnlhxj@yopmail.com;kdhfbwxpmiatnljzvcyus;57
140276989787528;jidsxuwezcatmk@yopmail.com;yefdilsqvjzobwunptkar;52
140276989787592;ionbdlxcrsyhufwpa@yopmail.com;zmypgkovnfds;53
140276989787720;efyjrxoukqbingpz@yopmail.com;kmdyfotjgiaq;73
140276989787848;fxywglcpbntqjmk@yopmail.com;fokmcvtperqnhajuz;48
140276989787912;halymucofwdt@yopmail.com;rhosnbctflguyjpdixzmv;52
140276989787976;vbsxongtalqreduc@yopmail.com;xckfbdlyehtjr;44
140276989788104;jifpendsxrlwqtzb@yopmail.com;xjkdsuglwymz;65
140276989800584;jbxlvcuzkwyosriaq@yopmail.com;lomvcsgjtaphzwqke;48
140276989800648;mflenhtrukp@yopmail.com;xaqzyidcvlubmjeo;68
140276989800712;dqwspembjfrtcuxivzlkg@yopmail.com;ckxmvprjhszelqa;29
140276989800840;jcdhtlzywbmakexgous@yopmail.com;ntmlydegxhp;44
140276989800968;obewapgqsm@yopmail.com;rsxhivkbzyqlfpnmecu;64
140276989801032;ufbeinyhqawdpktr@yopmail.com;xuyvwbckgaon;45
140276989801160;sboiqtlkwn@yopmail.com;ncutxjdvelyoiap;59
140276989801288;mpbnijlgazxw@yopmail.com;kywjhurealdvostq;65
140276989801352;kxogzwcpbvidn@yopmail.com;twpkngzqhibmayvrxloe;67
140276989801416;gmbsaiplerhjknudofzyv@yopmail.com;trjmcbklnwxyoahfu;31
140276989801480;yxgafjlkqmoviwzpctrnd@yopmail.com;xdujyropzsvkcfqwbiea;22
140276989801544;ecuqgmxkbvolrnyz@yopmail.com;cbxivdsnhrfzyqtmjakuo;21
140276989801608;yimdcljqrgfezhsa@yopmail.com;zxdrlqethf;41
140276989801736;pvgkquhmsxc@yopmail.com;viwrhstazp;38
140276989801864;vonzblakfjtu@yopmail.com;fuscwamirhqkjvoezglpb;20
140276989801928;lfknhsvpqrwcxujoeimz@yopmail.com;fkatsldwpyrzm;54
140276989802056;euomnvgsdtzlykxif@yopmail.com;lxpzmsvkwn;66
140276989802184;btkepigxwyudvflj@yopmail.com;rsvmalywqeih;63
140276989802312;kqgxzsjavmufnil@yopmail.com;sdiyrfmptvzobkejx;39
140276989802376;vriwbydqgaehxlptjc@yopmail.com;lmzxnqjpycukebgd;49
140276989802440;vahysqndjxp@yopmail.com;fkvpehixbuwzyalrtod;28
140276989802504;pfdranegxvkosu@yopmail.com;vashxczqfueg;36
140276989802632;ljobcvidrsx@yopmail.com;fqplgvibetowujk;51
140276989802760;klijofmxpgqzhdbsctvra@yopmail.com;uliyqavgwpkmftdz;74
140276989802824;waztelhbuskfpc@yopmail.com;jmunoycsvkaifxqletr;65
140276989802888;kpusjxdlha@yopmail.com;tiyqfazupeckowshblm;24
140276989802952;pxkmseudawfgnjoir@yopmail.com;nkyuqxjcmvlbgsidrpw;58
140276989803016;wjiupbzyxhkgcavlrtm@yopmail.com;vqknahjxedbwf;46
140276989803144;eypkhrbgudisvo@yopmail.com;uhcqjvnpdkteob;31
140276989803272;mwogtqyzhnjkdilxaf@yopmail.com;uhcajofbnkzvliyqpdsw;75
140276989803336;psoihtwcekqfl@yopmail.com;fmujnvdyirtoxawecp;73
140276989803400;oziqhktdfsarujpyngev@yopmail.com;pjfzuxymrnklbeoscw;68
140276989803464;wckbyzmatsuvdrjighxf@yopmail.com;safmwjtoglhvduxrez;72
140276989803528;vpbuwnaoykhfzj@yopmail.com;ythszgucdwlq;20
140276989803656;tphfmeszgq@yopmail.com;qflmdikxbtpzrvsycjno;23
140276989803720;ouwgrdimxpfa@yopmail.com;qmnilcjdwezaobpr;72
140276989803784;qsohndzgkpwvur@yopmail.com;uoqkldfwmjncygx;26
140276989803912;kvnygbosxaiw@yopmail.com;bpynjtkdvogiauzfxs;68
140276989803976;gdjkawcztelmb@yopmail.com;yzvwuitlkrdaxmqh;47
140276989804040;ysxuefibmaqrnvlcg@yopmail.com;ecjgbxsufirtlwvmn;47
140276989804104;rdisymbpkwnlge@yopmail.com;lbpgkmwjzdiy;32
140276989804232;viptrkjlzfebdqoswcmhn@yopmail.com;iscpvmbldh;58
140276989804360;mnraxkjwyhdbpifuge@yopmail.com;uxvdfgzqespmyrbk;53
140276989804424;krgeuqbyvsjnpwmo@yopmail.com;wzvrkpejbauyoxmlhs;71
140276989804488;nmjtdbquhfzrvkspwxlo@yopmail.com;staijxpbcz;45
140276989808776;cutfvpgerjxdqbolknshm@yopmail.com;jdveyatmcfxiqluhw;20
140276989808840;zbgoliakxvemj@yopmail.com;pivkyfoahqlzjnxs;68
140276989808904;ytspkeivfbgxhjzwqd@yopmail.com;rndykbfhsexjczamwv;30
140276989808968;edfjxhrzpamtnqblgwkoc@yopmail.com;yrkjcpuqobhineaszmflv;74
140276989809032;rawtdkmnzjpfy@yopmail.com;odefqbhryicglkxjwnm;23
140276989809096;zilyxqagpjc@yopmail.com;tqkmoxhsjyncegabiul;25
140276989809160;tweabzgrcudiy@yopmail.com;vibdjzglnmhkrst;27
140276989809288;htfvwzdkuynlm@yopmail.com;pbhelnoyixajt;42
140276989809416;jcxgtubwpo@yopmail.com;bomlchnqtpfdj;24
140276989809544;vcenauthbfmkowidpqgs@yopmail.com;wtzdxvqnlos;25
140276989809672;jgpmetbhfsvawoxklcqzu@yopmail.com;gckfnyqprvmzjshwlxa;26
140276989809736;oipenubmrchdvawxfz@yopmail.com;mdzbqhrsounjecil;62
140276989809800;lpudroqnbztcjhks@yopmail.com;vdpftwhomscjyb;75
140276989809928;cibmdflsjwzxhtva@yopmail.com;ftksozjumeaqylg;58
140276989810056;uplyhmiktexcnjdsq@yopmail.com;vgwztlajdkxfqmihpn;49
140276989810120;epqgcohnzj@yopmail.com;ivsrtkqejfugcz;22
140276989810248;tgonfrbxcpua@yopmail.com;wpgvsdhmfojtxqryelbnc;36
140276989810312;shjevzncwbuoq@yopmail.com;hudxcyazskljnpgmtrvbw;73
140276989810376;yiaqjzdxrohplc@yopmail.com;xgmstioraqcfvwjlzybd;57
140276989810440;dboaljntucphwmvrzq@yopmail.com;xshvfktlimqpzujeory;57
140276989810504;xmcnvdysgofjiaukhb@yopmail.com;eojkactwmdzxsnf;49
140276989810632;jtunexrsacbykdifqmvz@yopmail.com;hmliayjfkbuowcdg;51
140276989810696;bcpjvuytdfmxqwhnilz@yopmail.com;pafmnkucroyxhqws;18
140276989810760;mhbaqyfcoij@yopmail.com;xmlzpyskgbjciuwhnv;57
140276989810824;mwlvfksypqbcnzhgojrti@yopmail.com;fterqknmbpaodixc;40
140276989810888;sdnbwqyzolfe@yopmail.com;ynxfmvsaztowqil;26
140276989811016;joewhkncyvqsa@yopmail.com;gqwnymbvkczrpdaosfxl;22
140276989811080;lfqvaxirscoymn@yopmail.com;izognfaljycerdqwxmph;70
140276989811144;hzwctrimxbksnuyjvg@yopmail.com;mrufoksxdh;73
140276989811272;vdsmkhwgjolufxa@yopmail.com;sxzjcknefgrylthv;67
140276989811336;ecjasqgnbdlirwkhupz@yopmail.com;jhldkxtowmc;20
140276989811464;dzphcmqkitxweon@yopmail.com;buwzxrdaeoytkgvich;75
140276989811528;blmpvonjktiaqwue@yopmail.com;dgjslchpenukzwyavr;51
140276989811592;yjvhnbultdowsicgrk@yopmail.com;xzrvegtwhcok;71
140276989811720;zrulycoeibdgastvxwmq@yopmail.com;vbujgdiyszqfkwcahp;35
140276989811784;vqolsmrzjgw@yopmail.com;kbiqdxaofz;35
140276989811912;bswniuqytxhdvlkc@yopmail.com;xavbzhmjeunkwoygrp;30
140276989811976;bedfqwkxrshgyivnt@yopmail.com;blkmtzgaduopx;47
140276989812104;xrduchqzkefivjoy@yopmail.com;vostgjhrklmcabefq;28
140276989812168;jqkrclmfapbgten@yopmail.com;dpquogieyctvajhmnlfwr;61
140276989812232;wlbpfmcjns@yopmail.com;ufrjeiqsaz;68
140276989812360;mxsfiktwuzoah@yopmail.com;flivcjdgkur;30
140276989812488;jneytmaizkrdlwvcsphfq@yopmail.com;btjdfsrgylocemn;28
140276989812616;weqnzfkpchl@yopmail.com;mnoswljzhtbdfuvrxcy;67
140276989812680;hfxoneqcabzikyumj@yopmail.com;yqmrgjpfbdenvchw;37
140276989821000;xbvnhfltwrepc@yopmail.com;zkphygbvtaicj;48
140276989821128;bojaxfdgrnluve@yopmail.com;xidngbtlmrzecfawuskhq;39
140276989821192;khbwayoxpjlfmcnriedqu@yopmail.com;rcnwoazuhlbstepx;21
140276989821256;mfcgnhrbpiwa@yopmail.com;mynobzqldftkheuwxvcrg;56
140276989821320;rdaxljkngsvuqemzi@yopmail.com;hunkabzgtdxwfmolr;38
140276989821384;vitcbljmdswhu@yopmail.com;dmqispktvux;29
140276989821512;ecntgjuhxqvrw@yopmail.com;rxkcmptjhfd;24
140276989821640;akqsnrbtlyfpwzuv@yopmail.com;nzpulfbecdhsgtmar;47
140276989821704;prbmclowghi@yopmail.com;nltyomcjrvhkbfqespa;74
140276989821768;dmjysqobxecgvwk@yopmail.com;iumjfwbvxclgyretnhoqz;34
140276989821832;ukzxygtafhdjpls@yopmail.com;hwyitajzgsnpvmqfe;36
140276989821896;mfzkrphjxswtni@yopmail.com;yhdbvoqpjrsnlgkazeuw;64
140276989821960;ojxcsaypkzrftb@yopmail.com;uacrfiwbmetdsgxhk;65
140276989822024;wyihdombnslxjrqkcue@yopmail.com;pjyisowgvnz;36
140276989822152;wqyihdrkjcoat@yopmail.com;xwnqilyesozfbkgvdj;47
140276989822216;btxkfecavdzloqnwsmrpu@yopmail.com;wzguvdryxjbhsaemcfitq;50
140276989822280;ouvaheytkrsnbzdjc@yopmail.com;tvmhcqfdkryplzx;74
140276989822408;gdswbpavke@yopmail.com;odupjzhcmeanfgk;25
140276989822536;mxianfyhoewujtgqd@yopmail.com;eovjtdukhfqywasrxgz;50
140276989822600;eocrankhpwsdvyubxitfl@yopmail.com;wianoyugdkftlsjpvbexm;43
140276989822664;ribfstgduey@yopmail.com;kascxqlzitbfh;30
140276989822792;qyivaosgdlczpfrkntwe@yopmail.com;mxfabgorkhs;60
140276989822920;tjryflemczgkpuawv@yopmail.com;hselbgmrzt;49
140276989823048;focheqvkmyb@yopmail.com;woxnhglukramvypcqzb;23
140276989823112;fchkpxjwgrbsvq@yopmail.com;vlsbymwzqn;40
140276989823240;wxojelayfgbsqirzmu@yopmail.com;kqzvfxsljngrta;64
140276989823368;fsmdvayxukoqeplctizg@yopmail.com;dwgcrxjabphefizo;41
140276989823432;xkjyogqzbucsrmfdavlt@yopmail.com;vhofmiuzyktlspcwaq;20
140276989823496;nuedovspzywg@yopmail.com;tsvjqkxzfuipaoegmwrcb;29
140276989823560;puzdgwyqnjxhabcolem@yopmail.com;xjoasqerknbmzft;47
140276989823688;owfqsnyurzpc@yopmail.com;ntlxrskfmodezv;18
140276989823816;lduoyjepqakx@yopmail.com;sijvyhnxpaztqu;41
140276989823944;yljzihmwoufxbrg@yopmail.com;vfujzgdxnepsqmr;29
140276989824072;ejtmzpukqbargvlc@yopmail.com;gpwiocevsbdkxj;35
140276989824200;oqfnaykpugxrbjw@yopmail.com;pdjzskghcmbqievy;22
140276989824264;iwqbkyedsctv@yopmail.com;iuatywzrvsfe;53
140276989824392;iopxfblgcw@yopmail.com;qwdfohkenrxc;49
140276989824520;okfmrpujslgqzcydbean@yopmail.com;ygomvbqrki;38
140276989824648;fjhpzkwgbulnexs@yopmail.com;bohmkrvnzigpsjt;23
140276989824776;byvfxhprsjikmzcgqeat@yopmail.com;ozfajsexrwhlqdmugky;41
140276989824840;oulsgnqdtayvikw@yopmail.com;hqlweisrvfakxoctyngbj;56
140276989824904;fhplsnowiexudcamy@yopmail.com;nyauxdishtbel;64
140276989829192;vafumyhdib@yopmail.com;lscbtpkfizavurdmwjoeq;43
140276989829256;lgfiqbzjyhr@yopmail.com;dyaqwesvofijgcknmhtpb;44
140276989829320;bpkqzrsflhexayjw@yopmail.com;gsukmfczwlypa;56
140276989829448;azeluxdynw@yopmail.com;cwvbrzuaontkxypdsie;74
140276989829512;ecjwbtsmpug@yopmail.com;zgbmyalwsoihtepvcj;49
140276989829576;usodjraqniz@yopmail.com;gowjmkixlbqrn;58
140276989829704;knshmqygpixr@yopmail.com;kagxtszojbwnmvhfli;47
140276989829768;zvsgyjhbqrioluemxtf@yopmail.com;xyfdnkupecorzmgsivwh;61
140276989829832;wtirshezau@yopmail.com;fvlzgroqpmuydckwe;21
140276989829896;dtghmqanyjvzsulbx@yopmail.com;avtqzyelhguwdj;25
140276989830024;ietklzjrhvmpuqwcyanox@yopmail.com;dmekjltxgiqbcapszy;32
140276989830088;kaderjicsxwlvhmtgyb@yopmail.com;hzlxqdofcsgubv;34
140276989830216;azmlgxwkcyhnf@yopmail.com;ilftbcegunzmradvswj;27
140276989830280;btgprqkfizvhs@yopmail.com;zhypumtwvjxlgqokdfsc;59
140276989830344;wrminpqhxsb@yopmail.com;outcqnrwyg;27
140276989830472;vsozbdxtjq@yopmail.com;skmaegcxlzfjdy;61
140276989830600;tmgksnfhjliywvp@yopmail.com;xwoprmdutlchjsnizqye;33
140276989830664;npbtakvwdceh@yopmail.com;cyfzvokbjeipu;20
140276989830792;nmeckpysjgzlbwxrodv@yopmail.com;vncsaydrlmxwbhkou;65
140276989830856;nsdobgwhrclmj@yopmail.com;lgyjubeanwts;53
140276989830984;fbwhiylzgnjo@yopmail.com;jlamnzbqxihtvpdg;56
140276989831048;oewrcpqsnmtjdi@yopmail.com;dwmnlbxerkz;63
140276989831176;rxqfgnmktshvluzyea@yopmail.com;moznadkjgqbyhtefx;75
140276989831240;sjecqhadwfxumbkvtyrz@yopmail.com;zrcijouetgvwyhmqskb;46
140276989831304;kyeptcmrujngihad@yopmail.com;ponqfhtcswzlkgbdmjeru;37
140276989831368;orkdsynemtlgvjfqhubzp@yopmail.com;dkobwycigeazfujpnvhmr;38
140276989831432;pjbvnuczalqsim@yopmail.com;vpfcmtxhwdrynzaubjqie;46
140276989831496;fxpgekbrojsdmtvcn@yopmail.com;nhuobwrzjtcesxv;19
140276989831624;bvphojimsqfa@yopmail.com;exgqwrhnafjvo;43
140276989831752;btjaihxfqklce@yopmail.com;tjahwzobvylgum;71
140276989831880;birdwqgnvstmyafxel@yopmail.com;alguvrfedpoqcnhbs;50
140276989831944;bcfonzpdsjx@yopmail.com;bhvxzsyoakgwjpi;67
140276989832072;oyepwbnakrjusc@yopmail.com;gnkchwpqbasvozfyu;44
140276989832136;fjbhxaogwvqinecmylzr@yopmail.com;nheywusbklrq;41
140276989832264;djaurvzhqpnifcsbyokwm@yopmail.com;rcdmwpeylvungxjshti;49
140276989832328;vugqrikctyehwzpfxbn@yopmail.com;tfaeoxlusrqgbkcimv;38
140276989832392;fabndshgxzui@yopmail.com;njbicptufz;75
140276989832520;myosubeqdip@yopmail.com;lwxzyomafuq;41
140276989832648;rsbxcjktuvhifmgewq@yopmail.com;xnhjkdytsbw;60
140276989832776;wnhovsarxlpbjtyug@yopmail.com;vrkqjlopyfweuhmndit;42
140276989832840;rmjgqsockewa@yopmail.com;ypvqgtfuslbhkdrajwn;22
140276989832904;hlucnymfpxvjeisqd@yopmail.com;tdcvzwaushmlq;68
140276989833032;vifqznopuabwx@yopmail.com;piczsukvqtdaw;46
140276989833160;fsmgalivrut@yopmail.com;kwjpzhvaqxdygirostef;25
140276989841480;chqolgfdies@yopmail.com;meadjhlxuvbcr;30
140276989841608;nwvsltedku@yopmail.com;yhsuaolfdxpbkrjvm;43
140276989841672;gxforbkdslpyeqajztuc@yopmail.com;gjndazhrfc;65
140276989841800;uynitsjmhl@yopmail.com;rwgbylqaovsmpjxzcn;67
140276989841864;mgvfaitewkxolcrhbnqpz@yopmail.com;wlzfqobhysxmnide;48
140276989841928;jrcitlawneq@yopmail.com;kyglzqemhoxn;44
140276989842056;pxnjchuwmefy@yopmail.com;gqltnbwzcyhxk;59
140276989842184;dcxmufpnolywgtkhviaq@yopmail.com;inxsjokbmhlyvudecrfap;37
140276989842248;kyftsjdbeginwvlap@yopmail.com;rojhyifslgwmduznck;20
140276989842312;qfzhxkjguiltdocnyespw@yopmail.com;dzjltyefncxubmrg;52
140276989842376;qdvoixplfmyrbcsnj@yopmail.com;mtndlebgjox;44
140276989842504;mzwqrlyiathj@yopmail.com;xzjcbyaqmuvfeok;27
140276989842632;awdsoqeilzymp@yopmail.com;yudsinotpmlarghq;29
140276989842696;qhxvrdpbstwe@yopmail.com;cgtiflynkzdqsmxw;43
140276989842760;bouhdjmnwpakeqvtrs@yopmail.com;xcmehwzgqadjuri;52
140276989842888;rtyfvcwolhnieupsjdxbk@yopmail.com;okvixyzruhendgpmcs;19
140276989842952;aotcdsrkfvjqnyzbhul@yopmail.com;nhspufjckravlqtgm;65
140276989843016;barvikfeuymopzlsgwh@yopmail.com;kxceqzrdyvgtl;61
140276989843144;bxlpekutmzcsnvhdajiw@yopmail.com;uktmsvzpdrwecflxqhagj;55
140276989843208;uyvoakwdqtsljifzeb@yopmail.com;dzmtyapbfeugxlsvicqn;39
140276989843272;cdmesgzrtfapvbwjh@yopmail.com;zpkjrvgxfdsyimbtq;36
140276989843336;eujfandcpkxytlgqbrs@yopmail.com;sczpblnykorxhjevgiuqa;22
140276989843400;eiwakoxpvnsygdmcqfrzu@yopmail.com;fjuamnzsgvbtkieplx;36
140276989843464;pqnmvuclroedxj@yopmail.com;awucqbnire;61
140276989843592;pydglbeaim@yopmail.com;lkqshciejpdwxagznfrt;43
140276989843656;efyuhmkbdq@yopmail.com;bqxpzvjtwdmkcnuesg;63
140276989843720;pxfdignosqzerkltavc@yopmail.com;eqsuihfkrol;55
140276989843848;nfquephctalrsgvj@yopmail.com;bomwlxezrkjhyfuvagts;30
140276989843912;kedmjvctwyqpun@yopmail.com;nvmpaqgjryl;56
140276989844040;hkwdnscuezjviparobmqx@yopmail.com;brvxpwtfkqldoeuzhjsc;50
140276989844104;kzcvxagmhqiwbfynp@yopmail.com;xdcmgwzthbr;58
140276989844232;zlhameuifwdxgtnyp@yopmail.com;ncuxrekpgs;36
140276989844360;vrhocpfygdkin@yopmail.com;tluomhdpygnwearz;45
140276989844424;njegyadrkixomupvshlfq@yopmail.com;hditsvnrkqwbpuzaf;46
140276989844488;zmacvdkefuxitbryglnw@yopmail.com;ngbtschyrlwodqvfam;38
140276989844552;irvgtywsmqcuxfapb@yopmail.com;ertnhkpxsbji;33
140276989844680;yocwilrjvsa@yopmail.com;ehxtyznivabkqrwdjsco;59
140276989844744;sigvcrmnaxtpyoedh@yopmail.com;zuowmvlpcyjnbtixgrh;19
140276989844808;lnsiehkypbgc@yopmail.com;tarklsijhf;50
140276989844936;cbqsyfakhtjmxvlzeinpw@yopmail.com;lnosyfpjrqh;54
140276989845064;wnhkfcbjdiep@yopmail.com;qfvhjpczeyokdsgbnl;41
140276989845128;auljzxsivcgfnhopkqtb@yopmail.com;qncrbogamwfdjev;53
140276989845256;hwmjioncaefvklqptzyx@yopmail.com;msjrdavqpkufwnoblz;37
140276989845320;gaicwlbsdxyfnuevrpz@yopmail.com;sfnqedapcvxhltug;32
140276989845384;hmdzcntpbifyskluqov@yopmail.com;vfuijslcrwydqk;43
140276989853768;hexitrnvzgabkjp@yopmail.com;opihvdcqgbywal;30
140276989853896;nhdjegzwmqi@yopmail.com;iwsrhkzlbegaf;71
140276989854024;pnbrtvwikqsheygx@yopmail.com;vubzcnpgswqxleatdmh;20
140276989854088;wkrcmozehyiltqanxfgd@yopmail.com;oxuiqdgktmenzhplysc;47
140276989854152;rnuzjsmkhewbd@yopmail.com;hlaxzomyckqu;47
140276989854280;kisogwreyhnmtcx@yopmail.com;jbqxiyguovr;71
140276989854408;tcokhpvrinqayxsbjf@yopmail.com;vzjrktsenaml;61
140276989854536;qisdxnlekopaymgzrcuft@yopmail.com;jiaxnpudlzsgfthyvomwr;51
140276989854600;kvnocqxrweb@yopmail.com;wgejucbtqhrlidfzoy;39
140276989854664;urpothyakqvbcwjmnsf@yopmail.com;erpwdkyzgvfjlxqoihuan;70
140276989854728;ktvyfoiwrhblgajs@yopmail.com;lozrgjvbfxectak;68
140276989854856;wntckfujhdsrpo@yopmail.com;tcudhqkxarsmbpvwjifg;68
140276989854920;ochftdwnpuysm@yopmail.com;zryklqxbepcmgwfn;54
140276989854984;dpeaoblgmcfnxwtkr@yopmail.com;sbhfazrkexuovwmjn;75
140276989855048;plgvkutricosfzxabm@yopmail.com;clomwyxhenzbrsptfd;38
140276989855112;eumtfjpoah@yopmail.com;vzydqnjmgpowuixreck;42
140276989855176;akbcheiuprxmfwvysgdn@yopmail.com;ldneiurwok;68
140276989855304;khsncfbapzj@yopmail.com;xjukbyeclmsdhgpanv;50
140276989855368;mxhzwrltgeybpqfdkvco@yopmail.com;sypnlreaogqzx;61
140276989855496;untcivxkbmsdfrgaqwplz@yopmail.com;jmgpskyciurdhx;41
140276989855624;sgwcafbnzdeu@yopmail.com;oyzrcajbgehutvdlswi;53
140276989855688;mdepstxflg@yopmail.com;rkudbelohpsxtzn;48
140276989855816;syzrgqeautpdwfl@yopmail.com;yortxfwjlmsaueqnzgpbi;62
140276989855880;afdiesjmxnzvcqbouyl@yopmail.com;ulyhzbqpndfrew;34
140276989856008;iwfxkutsqocdzahvjmepg@yopmail.com;zepjmrcxyglsounvhqba;23
140276989856072;jpisfcbxetdzgowqnr@yopmail.com;ievnbhfrwykg;47
140276989856200;ohwfzijmnyp@yopmail.com;aexlynudgsorviczwhjm;51
140276989856264;berlmwzksouxpycfjhdni@yopmail.com;eorkxnycgs;49
140276989856392;ketingpwbsl@yopmail.com;jxchpmwdrtl;64
140276989856520;zhoalycdtqvgepwimjrb@yopmail.com;migtvycfbwxzoud;34
140276989856648;yvmxfgjrsaek@yopmail.com;ucqtofjbinkerysh;18
140276989856712;ciefpjsrvnudtqoax@yopmail.com;iovfsnpletgykbxdhrczu;71
140276989856776;johwczqrasbdifxgl@yopmail.com;auzdybcirvqonghwj;31
140276989856840;dwutqgacfhlez@yopmail.com;eziyhofudxal;55
140276989856968;yqegwcjfriothvkdxzml@yopmail.com;mcueblnszjogfyakwtiqp;48
140276989857032;eobmqrjsyxz@yopmail.com;grtudvnysicmqohbaw;35
140276989857096;fpuqixwvrgjybh@yopmail.com;rtsdoypcglxzwv;59
140276989857224;funckdmzxs@yopmail.com;reliwjdbvzcfoganxt;36
140276989857288;galrpfuyithsbqmc@yopmail.com;btzrupgyceoxdhjkml;37
140276989857352;krcpdmnifwzagvsqoyj@yopmail.com;qrfnxvkahomji;43
140276989857480;ubqomzsehjnkgtya@yopmail.com;dmankirgfuxoe;28
140276989857608;fdjawcusmrkziovlxth@yopmail.com;cwqjynouxerlhdstafipg;71
140276989857672;mdvynhwkqctlaux@yopmail.com;ashxofcdilm;18
140276989861960;xbrghsqeznupcvodwt@yopmail.com;tqakybjmnw;75
140276989862088;ruxbqmfngy@yopmail.com;vekacgyshftdimjw;67
140276989862152;jehsgdixkvtoymzb@yopmail.com;gyrpnxvachmeslitd;71
140276989862216;nzymbhrcuiq@yopmail.com;lutzbskxqjwry;57
140276989862344;tidfosguzbwpje@yopmail.com;lkpagfsxqudcnyh;22
140276989862472;zyratlwonjmxpve@yopmail.com;qjsukmztdwnbeaxocfrp;68
140276989862536;cblamokzyjudfr@yopmail.com;kmhvycugowtfaeqdb;20
140276989862600;fptewghsamxon@yopmail.com;lxcfpozyijaghvmwdustr;71
140276989862664;dkbrwlsemnichjopuvag@yopmail.com;dybozsqxvjafhlkpgtuw;33
140276989862728;ikroxqpeds@yopmail.com;hdoibprxvulfkmjyatczg;48
140276989862792;lafneqbvzywtrjkgosdx@yopmail.com;covryiktlbfhexa;72
140276989862920;rfxvywjaehml@yopmail.com;ouqhzrtnsmefdavij;46
140276989862984;bwyrmetxgozfhkjpsau@yopmail.com;hewjiboxfrzmvuqcdy;54
140276989863048;awrsejvfqz@yopmail.com;dypihzfsqcxo;34
140276989863176;wxiurbnlvze@yopmail.com;livhqptjxwozsm;70
140276989863304;hlvgxwdbytpznfujs@yopmail.com;fxachiypgveu;47
140276989863432;qvoagnpckmxtzfdie@yopmail.com;ohudpykvgitawjezcfbsx;24
140276989863496;rspkvfmgytjzbiqh@yopmail.com;jubaxphvqioelkw;63
140276989863624;brautxczknplodishqej@yopmail.com;qwdoegzrfchvlnjumskba;28
140276989863688;qkmephwzyu@yopmail.com;xwmupbkljc;57
140276989863816;vuxhifastgbkmceqwproz@yopmail.com;dcfjhqsxzrgokevbu;44
140276989863880;vzenpsatlqywhofcd@yopmail.com;wzgmvsdbjpto;25
140276989864008;wsiujrxlcvhk@yopmail.com;mxjyztfiuv;71
140276989864136;qsjvuafhtmdryb@yopmail.com;jeawtsyzmfpok;74
140276989864264;fmusoetczpwhklqbgdj@yopmail.com;besztduiomqxrakpgl;62
140276989864328;zabrkmngjfctilwuxq@yopmail.com;cotyszkgidbp;42
140276989864456;jvxfditylsqgahbcuk@yopmail.com;zpymgdewrchfakosi;75
140276989864520;donhmyfsui@yopmail.com;rmzcjyehwfpbqosv;36
140276989864584;mpyzvnobkirg@yopmail.com;khmdbcayrizsn;75
140276989864712;vlpcqnbxiyfdwgkeumsrt@yopmail.com;htveonfdryum;50
140276989864840;kgznocdmhqij@yopmail.com;yzvkxsdpgc;68
140276989864968;dmehutsyxlaqgzwrpvif@yopmail.com;vduywjbkpgmrzf;53
140276989865096;fegypurvxdwihqzb@yopmail.com;vrdujohanlcfxgyqk;31
140276989865160;jdtrqwfzispgoxbnc@yopmail.com;fqawjmpvrsuzidocl;56
140276989865224;epuwtrohqdlsvaxczng@yopmail.com;dwnkfbtqxzrvu;19
140276989865352;xrqzbviwguh@yopmail.com;amyjrgivbldhnzskw;51
140276989865416;yasevlmigwpbod@yopmail.com;ojygqkaxfnlhiztpvcr;22
140276989865480;esofuyqtxzglb@yopmail.com;qycvzkjmoegibrahlfd;49
140276989865544;gtbnyleiuc@yopmail.com;tdgfblhsyjxpoqzirwe;43
140276989865608;cyzuohrdwsgxtlbeknmjv@yopmail.com;xyncgtbqparfiveusjwmd;53
140276989865672;ihbouxpfaelz@yopmail.com;syailgpvqfzjuwtd;31
140276989865736;gejuavwmnbxrd@yopmail.com;qtdbvshnjry;58
140276989865864;lenptashwdjuvbfzioqk@yopmail.com;beynrjgqwflicvadtpoxz;39
140276989865928;guzkhdxypbqftimo@yopmail.com;yoipqwblhtnfvsgmr;47
140276989878344;squncmwgpibtrkofvd@yopmail.com;qyrxmufvjcdi;39
140276989878472;gkiqawnzrdos@yopmail.com;omzxneaywvkbrjlphu;47
140276989878536;cikstunxdhvmo@yopmail.com;gyjebfmxlscivpartwkhu;50
140276989878600;gvjpbmhcoulis@yopmail.com;sxjnguwdfklpeca;68
140276989878728;coaknwbldftvus@yopmail.com;ymtsbrlvxcokdjha;27
140276989878792;iyznvroptaxgfslekwd@yopmail.com;qnouzpjsemri;51
140276989878920;bvpkmlhaiwegrx@yopmail.com;fonwmcxgpsthjurvkqi;41
140276989878984;oreqmjalncpzkxdfti@yopmail.com;yfwanjusxbgqomidzr;69
140276989879048;mghdkufypljiswro@yopmail.com;hxsrwykjbgcuedizmlpnq;23
140276989879112;pgakjesbvzxy@yopmail.com;ecvbdlzsfmhntgr;55
140276989879240;vcmsdznygujixph@yopmail.com;rfsohytzebjdlu;25
140276989879368;ouzeanthkcd@yopmail.com;znivxfqaeybstughckml;38
140276989879432;tcmpfvokyuwhel@yopmail.com;ezfracglvwmn;61
140276989879560;rxpnejfsokc@yopmail.com;tervxlqbfuz;58
140276989879688;lcktvagebnwqfromhisx@yopmail.com;wdmkoqlctyb;28
140276989879816;xyajfpsuzohvci@yopmail.com;bjrvkszuftxeomacphi;47
140276989879880;syrhjnqacpbiltfdowmk@yopmail.com;poyklemfjaxrq;46
140276989880008;pihoyfjbzdex@yopmail.com;yspzgnlafiwvcxeoht;69
140276989880072;estcnmkbzf@yopmail.com;tyflqcjpohmgvsizdr;36
140276989880136;soikhdrbeau@yopmail.com;mkqcyuawdozelpthvx;21
140276989880200;chelyrotugvbxwjndpas@yopmail.com;nxbsqrgciakvluoh;55
140276989880264;wenstvzuqxjbhfolyr@yopmail.com;ldrcwjpzxeqkgfyhnma;58
140276989880328;izfrlgheyoswtvax@yopmail.com;lisphvfmguyojerxtanqk;25
140276989880392;iaqymguwhd@yopmail.com;jptnfgyksuwqhxl;57
140276989880520;kaxiqtbvgyzpmsnewjo@yopmail.com;mtndlkygrqvixo;35
140276989880648;uqrxlbmkdo@yopmail.com;ynosbgzfwvlphcmkurjqi;67
140276989880712;wcoaprkqgfydx@yopmail.com;jbwpudcrogxthliysfvn;67
140276989880776;rjlgekmbazqh@yopmail.com;lhezumgqpvida;55
140276989880904;tplcdquinbk@yopmail.com;mcrqfdpovnebasugik;57
140276989880968;rivynzgpldsfmqbxckt@yopmail.com;qsryeoajvchgtlpkm;50
140276989881032;rewqhzxyijboln@yopmail.com;lrpmknwbdjgoieqvtaz;71
140276989881096;anhbrzmsyvgqcjo@yopmail.com;qkshzpilmvxtwuo;45
140276989881224;dhcyjirnztle@yopmail.com;pofshwjktcgur;36
140276989881352;ubhtjomrglq@yopmail.com;vzngtqbkyafpmxlce;29
140276989881416;agojflkhpwsbiutzvnrqc@yopmail.com;ejczfqsoguvrybplax;18
140276989881480;drqlibuvgcf@yopmail.com;oydeclqawu;69
140276989881608;blvikgrjmaszuenp@yopmail.com;pfdnsqcjavhxlom;42
140276989881736;dhvayfizwqexcujpt@yopmail.com;edtrmbjzfunkpyqvg;55
140276989881800;ljvedaqwntizfgyxpokrs@yopmail.com;imvubnkqxcphdzaeygf;48
140276989881864;lxzfsembojvuprdcni@yopmail.com;zavcpxgyuthlkfosqne;23
140276989881928;txrqsihemjvofdpbazn@yopmail.com;rbxoimawdqfnhvtsjle;21
140276989881992;qrmfkeuacgbxntpylvdjz@yopmail.com;tqrwdsakgbxpncumi;30
140276989882056;ztibvldweghmcux@yopmail.com;acwdgntyiksroqvp;54
140276989882120;oyqdpzatkeihfjlxgcubr@yopmail.com;pkhgismacn;23
